"var_1","var_2","var_3","var_4","var_5","var_6","var_7","var_8","var_9","var_10"
"N","K","B","L","F","I","I","D","L","A"
"I","F","M","L","I","M","K","G","C","I"
"F","B","E","K","H","H","C","F","L","I"
"O","D","O","I","C","F","C","F","O","M"
"N","E","O","L","G","M","B","H","K","J"
"J","J","N","O","N","G","M","H","F","I"
"O","J","B","I","B","E","E","I","J","J"
"L","A","A","L","O","L","D","O","A","M"
"C","D","K","K","E","J","B","F","G","J"
"K","C","N","G","F","A","M","G","A","K"
"G","D","O","G","M","G","L","G","L","O"
"M","B","C","G","O","M","K","O","G","B"
"C","E","K","I","K","L","O","N","B","M"
"J","J","M","O","L","J","F","A","M","L"
"B","E","I","E","H","D","C","G","E","I"
"K","J","N","D","J","K","B","H","H","H"
"M","M","I","J","N","B","D","C","C","G"
"D","I","B","D","E","F","A","M","I","M"
"H","F","A","C","F","M","A","C","J","D"
"C","A","C","L","E","B","E","C","B","K"
"A","J","E","K","E","E","L","M","C","F"
"M","L","I","A","G","G","A","F","O","I"
"M","L","I","F","G","G","N","F","H","B"
"A","M","B","K","K","A","I","K","B","F"
"O","L","N","G","E","C","J","B","C","I"
"O","O","B","L","N","H","J","F","A","M"
"J","G","C","G","N","E","M","O","H","G"
"F","B","D","A","M","B","B","O","M","M"
"N","B","K","G","K","C","D","B","I","N"
"A","E","N","J","E","K","A","H","K","G"
"G","H","A","M","K","L","G","B","H","H"
"E","A","A","N","H","C","N","C","B","D"
"B","N","E","C","H","D","J","G","C","I"
"C","B","H","C","H","O","E","G","O","I"
"K","K","F","J","A","C","N","H","E","I"
"N","F","H","I","E","B","B","G","G","M"
"J","B","I","C","F","E","N","L","I","M"
"J","G","B","A","G","L","H","O","M","E"
"N","G","J","I","A","O","C","K","K","B"
"H","I","L","C","I","D","B","I","H","L"
"O","D","M","I","F","B","D","M","J","A"
"G","H","K","N","H","B","D","B","H","L"
"O","J","M","G","I","G","D","K","N","O"
"N","K","G","D","A","F","F","G","F","H"
"I","O","I","M","F","M","I","B","O","B"
"A","E","N","J","J","J","C","J","L","F"
"K","B","D","I","B","L","J","J","J","F"
"H","D","E","H","E","K","A","M","B","E"
"C","E","D","N","D","C","D","I","A","O"
"I","G","F","O","G","A","D","H","M","A"
"O","A","B","N","K","F","D","K","L","E"
"C","E","C","L","E","F","K","C","J","G"
"F","M","B","H","O","I","B","N","K","B"
"C","J","J","B","F","N","F","O","C","O"
"N","G","B","J","H","M","F","G","G","I"
"O","M","F","D","C","M","J","L","I","G"
"I","J","C","L","I","A","A","G","K","N"
"G","B","K","O","B","D","N","B","N","B"
"A","A","O","F","D","N","D","H","F","A"
"J","C","A","C","G","G","C","A","D","J"
"M","O","K","N","K","A","L","E","J","H"
"A","K","C","I","L","D","D","D","G","C"
"E","J","J","C","F","E","O","B","C","E"
"B","D","M","G","N","J","K","A","D","J"
"F","K","H","G","K","I","L","B","K","M"
"G","B","I","G","K","M","J","G","F","M"
"M","A","C","F","I","B","D","J","G","F"
"J","I","F","C","D","M","K","O","K","L"
"J","I","I","C","E","N","G","G","J","B"
"N","D","G","N","D","K","M","D","L","B"
"B","L","C","L","M","M","F","I","J","A"
"K","I","I","O","E","B","D","D","D","I"
"B","D","N","J","G","A","A","I","K","E"
"D","N","M","A","F","O","L","H","D","H"
"C","G","C","G","J","E","B","K","N","D"
"N","H","D","N","H","C","I","D","C","D"
"B","E","I","N","O","C","A","I","C","O"
"G","H","K","L","M","L","E","C","F","O"
"I","L","A","N","E","D","C","D","E","O"
"B","F","F","F","F","L","J","K","N","I"
"M","N","N","E","F","K","A","N","E","J"
"I","B","J","G","O","H","B","O","M","A"
"D","F","J","K","D","D","F","E","N","L"
"O","J","I","G","L","M","J","D","I","F"
"H","F","F","K","E","F","J","N","B","N"
"K","O","C","H","H","F","G","F","C","E"
"B","E","I","O","H","O","C","J","A","E"
"C","J","E","A","N","E","L","D","B","O"
"B","E","E","D","K","M","M","K","H","J"
"I","K","I","L","M","D","L","L","A","N"
"M","M","J","L","F","E","L","C","J","O"
"N","G","F","K","F","E","N","G","D","O"
"L","K","K","F","B","B","M","F","J","O"
"I","J","N","M","N","B","M","N","A","I"
"I","L","E","D","H","D","L","E","E","C"
"G","G","K","G","A","I","O","A","N","G"
"I","O","L","C","E","E","E","J","B","E"
"I","M","O","G","N","E","D","N","J","H"
"J","K","A","H","C","I","C","L","N","J"
"C","I","G","F","H","C","M","N","G","H"
"G","G","C","B","E","J","E","N","I","E"
"G","B","H","D","A","C","I","F","K","G"
"B","O","O","F","H","L","F","M","A","F"
"N","O","H","B","H","I","J","J","K","F"
"B","N","B","H","F","G","N","K","H","H"
"J","J","M","L","O","L","B","E","D","F"
"F","E","O","H","D","M","K","M","E","O"
"O","F","O","M","I","I","B","H","O","A"
"J","I","I","I","E","H","G","E","L","I"
"F","B","N","M","F","A","K","B","H","D"
"D","J","B","M","F","L","I","B","F","H"
"F","C","D","K","H","L","A","N","L","J"
"N","G","E","A","C","I","E","G","J","D"
"E","M","D","N","F","E","N","E","L","L"
"J","H","L","N","C","H","G","N","I","B"
"B","E","I","N","N","O","L","J","A","I"
"F","A","I","M","D","M","O","H","K","J"
"D","H","H","K","L","A","N","E","C","O"
"K","A","N","H","B","L","N","F","O","H"
"M","K","M","L","F","K","B","N","B","F"
"I","L","H","H","L","H","M","O","M","O"
"M","O","O","N","J","I","B","O","J","K"
"O","E","E","I","E","M","I","A","D","O"
"H","H","F","C","J","G","H","N","D","F"
"E","E","B","H","J","D","L","M","O","F"
"A","K","I","J","F","L","N","G","H","B"
"G","F","C","N","A","N","B","H","E","A"
"J","J","M","O","G","L","H","O","O","O"
"D","F","G","M","F","B","D","M","F","L"
"K","N","M","I","M","H","G","J","E","M"
"I","L","D","J","F","N","L","C","O","L"
"O","C","F","F","D","F","L","C","O","G"
"G","I","E","D","L","J","L","G","K","K"
"B","O","H","D","G","O","D","M","H","M"
"C","E","K","I","G","N","B","H","A","O"
"A","I","F","E","L","G","A","I","B","D"
"O","J","G","K","K","N","I","I","B","K"
"E","C","C","B","G","F","A","N","O","I"
"F","L","J","E","D","N","J","K","N","F"
"O","G","H","J","J","E","C","K","B","I"
"D","O","B","J","O","J","E","A","A","N"
"L","A","C","M","N","B","O","J","D","J"
"I","M","F","B","F","N","I","K","K","E"
"H","D","K","B","A","N","M","K","D","H"
"D","B","F","E","K","I","I","E","F","G"
"M","J","A","B","M","K","O","J","G","J"
"G","B","G","M","A","N","N","B","L","A"
"C","E","M","L","K","D","I","J","J","D"
"C","I","B","K","E","E","N","G","J","K"
"K","C","K","D","B","C","N","E","G","C"
"C","F","N","B","K","B","I","K","A","F"
"F","K","E","F","M","O","D","B","H","D"
"B","F","G","F","C","J","M","J","O","I"
"A","A","N","C","B","K","B","H","D","K"
"C","A","H","H","A","L","O","E","A","A"
"O","M","H","O","K","K","N","C","G","N"
"A","L","C","I","M","G","N","I","N","I"
"I","L","E","J","J","D","K","K","N","J"
"L","D","L","K","J","E","I","F","G","A"
"K","C","H","B","O","E","A","G","C","A"
"A","F","I","O","O","B","L","J","O","K"
"I","G","M","A","K","E","L","G","C","C"
"E","F","M","B","K","N","C","J","E","J"
"F","N","N","D","C","F","O","E","H","E"
"H","C","M","N","M","O","I","L","M","M"
"H","D","E","D","C","J","I","H","H","B"
"O","E","I","M","H","E","N","J","H","G"
"F","O","E","I","O","D","B","F","E","C"
"C","I","L","I","O","J","E","O","C","M"
"I","A","C","L","J","K","O","M","O","D"
"H","N","L","O","F","I","A","H","G","K"
"L","N","O","K","J","D","D","M","F","M"
"B","D","L","I","N","L","G","A","A","I"
"J","C","A","G","E","K","B","F","M","I"
"C","M","B","I","A","I","E","L","I","K"
"A","L","B","E","G","G","B","O","H","L"
"F","N","N","D","K","O","G","B","B","M"
"G","G","C","O","M","H","E","G","B","B"
"M","H","N","J","K","K","A","C","O","J"
"G","A","M","H","B","B","L","N","L","F"
"B","H","N","B","I","B","H","K","D","E"
"J","O","O","F","L","H","K","I","N","B"
"K","G","A","A","I","G","A","G","O","K"
"M","F","E","G","H","F","B","D","B","M"
"L","A","L","M","G","C","E","A","M","E"
"G","A","A","C","J","N","O","L","N","E"
"G","D","A","I","K","A","C","E","I","N"
"F","O","K","N","H","O","B","C","A","H"
"K","I","G","H","E","G","G","K","M","J"
"B","E","A","A","O","F","I","J","G","L"
"G","D","O","G","N","H","J","E","N","J"
"F","G","M","N","K","N","A","M","E","A"
"I","O","N","A","O","E","N","K","M","C"
"L","D","A","N","N","N","O","M","M","O"
"L","O","G","L","D","H","O","L","H","B"
"E","F","A","L","M","K","I","F","K","G"
"D","B","I","A","O","I","G","D","O","J"
"H","I","K","E","A","M","F","N","L","E"
"C","E","I","B","J","G","C","M","B","D"
"L","M","O","D","M","I","B","N","J","B"
"M","A","K","J","I","D","J","B","H","O"
"C","G","F","L","N","O","B","O","E","O"
"D","G","F","E","E","L","D","B","O","A"
"C","L","M","H","L","L","B","F","O","K"
"J","H","C","B","O","A","H","N","B","E"
"O","J","I","O","K","I","O","D","J","M"
"B","E","M","A","E","B","M","J","J","K"
"L","C","O","J","J","I","B","H","G","K"
"H","O","J","L","J","H","F","C","G","L"
"H","I","B","G","J","F","A","A","N","D"
"M","C","L","J","D","D","F","F","G","O"
"N","L","K","K","L","J","N","B","G","D"
"F","L","C","F","K","K","E","B","L","M"
"F","G","N","M","F","N","M","B","O","A"
"D","N","I","F","B","B","C","D","A","O"
"D","F","G","B","J","O","M","A","I","F"
"E","A","A","L","J","H","F","H","G","B"
"G","E","G","G","L","J","D","H","H","B"
"B","E","N","J","D","F","A","H","G","G"
"L","F","B","G","J","O","I","N","G","F"
"G","D","O","O","C","L","J","C","M","M"
"D","C","H","K","B","C","F","O","G","I"
"B","J","N","G","N","M","K","N","G","O"
"G","B","O","M","A","E","N","I","G","N"
"M","J","C","A","O","H","L","B","J","B"
"J","E","L","A","N","D","F","I","H","J"
"K","I","J","B","C","N","N","E","H","G"
"G","E","O","H","G","I","C","G","J","J"
"I","N","K","K","A","I","G","K","M","B"
"B","O","O","F","N","H","C","J","J","E"
"A","F","N","N","I","I","B","I","J","H"
"A","M","I","H","L","H","D","C","G","I"
"F","O","D","N","H","O","B","I","E","C"
"K","F","E","F","D","H","K","L","I","I"
"O","J","H","L","A","H","G","L","M","E"
"E","D","B","I","D","N","E","L","A","K"
"J","E","A","N","L","C","C","D","N","C"
"C","A","C","C","G","K","H","F","D","O"
"C","C","M","L","B","L","K","A","C","O"
"J","D","I","C","H","I","D","G","I","I"
"K","I","G","J","L","H","G","A","D","H"
"L","I","L","M","H","F","M","G","K","L"
"H","I","K","O","O","I","L","H","O","A"
"E","K","G","C","E","N","H","L","J","A"
"H","F","J","C","O","B","F","F","G","L"
"C","G","J","K","H","F","C","B","E","O"
"M","K","I","K","L","F","H","L","C","H"
"N","D","B","F","K","H","M","E","D","B"
"H","D","E","E","H","K","F","F","M","H"
"F","B","E","D","A","J","J","A","D","G"
"A","E","O","C","K","A","H","K","N","M"
"K","C","I","O","L","F","J","E","A","B"
"O","I","N","B","L","C","L","A","K","N"
"M","N","B","O","G","E","E","E","D","B"
"D","A","B","M","O","M","E","M","E","A"
"G","O","F","B","G","B","M","A","B","J"
"L","G","E","A","A","C","J","A","M","C"
"G","I","D","J","I","N","D","L","H","A"
"H","A","M","D","J","L","L","N","B","A"
"F","E","M","E","L","B","N","F","O","F"
"M","H","C","F","O","N","E","D","M","B"
"F","C","A","D","G","G","A","J","G","I"
"O","J","B","I","B","O","B","I","J","G"
"G","K","E","I","K","K","N","F","O","N"
"E","E","B","L","J","D","B","F","K","K"
"L","I","L","C","H","F","B","B","C","K"
"O","B","E","D","K","M","K","K","D","B"
"I","E","M","E","O","C","B","K","C","H"
"F","B","N","M","F","B","N","L","B","C"
"C","M","N","F","J","J","I","M","M","M"
"B","F","E","N","H","D","G","L","E","O"
"M","H","M","O","B","H","E","J","J","O"
"D","K","E","H","H","O","G","B","L","A"
"I","N","N","K","L","A","F","B","H","M"
"L","C","F","E","D","N","E","E","A","K"
"F","O","B","E","K","I","G","H","M","E"
"N","D","G","D","A","F","C","G","N","G"
"H","J","I","H","I","G","I","F","B","C"
"M","K","I","N","L","F","C","N","L","I"
"B","I","M","A","D","N","G","M","M","M"
"H","G","K","B","I","C","J","A","H","J"
"I","K","B","I","A","L","E","K","D","K"
"J","K","J","E","A","J","C","C","G","N"
"D","E","O","K","L","E","D","B","O","I"
"N","A","J","H","G","I","C","M","E","L"
"L","C","L","C","L","F","H","G","H","L"
"I","H","A","M","L","N","G","F","N","O"
"C","M","F","B","B","D","I","L","G","M"
"F","O","J","N","C","M","A","N","I","G"
"A","B","J","M","H","G","E","D","N","J"
"K","F","B","G","M","H","B","E","O","N"
"M","K","B","I","E","M","G","I","H","G"
"G","M","C","G","C","O","E","A","B","H"
"G","F","C","O","C","N","O","H","H","D"
"L","B","H","A","A","A","O","A","L","N"
"H","O","K","O","E","B","E","D","B","J"
"B","I","M","K","K","N","I","M","L","O"
"A","A","B","B","F","C","F","J","L","C"
"B","K","A","A","G","L","L","I","M","B"
"O","K","G","M","G","I","I","I","I","N"
"F","M","D","J","N","D","B","C","M","B"
"A","J","L","J","J","J","I","A","C","I"
"D","B","B","M","F","E","H","O","K","F"
"G","K","B","H","B","O","M","K","C","L"
"H","I","K","C","G","M","A","I","H","F"
"J","I","I","O","B","E","L","O","E","J"
"J","E","C","A","E","K","L","A","B","F"
"I","D","B","M","K","N","E","L","L","B"
"N","E","O","L","G","N","B","G","N","N"
"O","E","L","N","N","E","D","F","A","H"
"B","I","G","H","D","N","F","G","N","I"
"D","J","B","M","C","C","H","F","O","I"
"J","G","C","G","B","H","O","N","J","G"
"I","G","N","J","M","A","D","N","O","N"
"O","F","K","O","C","H","C","N","L","B"
"C","B","H","D","H","N","I","L","C","B"
"D","M","N","H","O","K","F","H","N","C"
"D","J","A","D","C","O","K","F","H","M"
"C","M","M","I","A","J","F","M","C","J"
"L","B","I","D","D","L","I","E","D","K"
"J","M","J","F","A","H","N","H","E","E"
"B","L","C","J","M","G","H","H","H","N"
"I","E","I","H","N","D","D","A","L","G"
"N","G","N","J","F","A","L","B","O","H"
"K","G","L","G","N","D","G","A","L","I"
"I","C","M","K","N","B","J","K","D","H"
"G","G","C","O","B","M","G","G","O","G"
"E","F","M","B","J","N","I","K","N","C"
"D","G","L","M","D","D","A","J","E","A"
"I","F","N","I","I","J","K","C","G","H"
"O","F","L","C","G","G","J","C","G","N"
"H","I","L","C","I","O","G","A","H","K"
"I","N","B","M","N","A","L","L","F","L"
"C","D","H","I","H","B","E","G","K","H"
"B","E","B","J","E","K","B","H","H","L"
"O","G","F","K","B","O","I","G","J","K"
"H","E","G","J","D","D","A","H","N","G"
"C","D","I","J","N","E","D","F","C","K"
"E","C","J","G","G","O","D","E","E","M"
"H","N","D","E","A","E","D","J","D","L"
"L","H","G","L","J","H","J","L","L","A"
"E","A","B","M","N","M","O","C","A","N"
"H","H","I","M","E","J","E","O","J","F"
"O","J","G","L","G","E","H","I","A","D"
"M","O","O","A","G","C","I","N","C","G"
"E","D","L","N","D","I","B","M","K","G"
"O","O","I","A","D","H","G","D","A","L"
"F","O","M","M","F","H","K","K","J","B"
"M","O","O","N","J","M","J","J","O","L"
"F","H","J","A","A","A","E","G","E","D"
"O","J","N","N","N","A","D","C","A","F"
"B","L","C","A","J","D","C","C","A","B"
"M","N","N","E","A","A","O","K","O","J"
"I","O","L","E","E","B","E","J","A","L"
"C","B","J","E","D","O","J","I","J","I"
"I","I","N","B","F","K","E","K","H","J"
"O","M","G","O","H","H","J","J","A","F"
"K","I","I","A","C","J","K","A","H","N"
"A","D","O","L","K","H","L","J","L","G"
"G","D","D","G","B","N","D","H","E","G"
"E","F","K","F","N","A","H","N","E","J"
"K","N","B","J","B","I","F","N","E","I"
"J","A","J","F","D","E","F","E","L","F"
"N","F","K","O","K","H","O","L","B","A"
"A","B","K","G","H","A","F","I","B","F"
"E","E","B","F","J","I","B","I","M","C"
"I","E","I","A","H","L","A","F","G","G"
"L","A","A","L","O","L","D","E","C","O"
"K","N","M","I","L","K","J","D","D","J"
"N","E","L","N","H","C","A","F","K","F"
"K","K","K","C","N","K","M","H","I","B"
"E","K","I","J","D","K","I","N","D","C"
"O","M","J","H","A","J","O","B","E","K"
"B","J","N","E","H","K","F","B","A","L"
"I","D","B","G","N","K","E","H","C","N"
"F","M","K","K","L","E","J","F","D","H"
"A","A","I","J","D","D","E","M","L","G"
"M","O","D","A","D","O","F","H","N","N"
"E","O","O","H","E","L","M","J","O","L"
"H","D","K","O","A","B","O","B","C","J"
"J","J","I","O","G","H","L","L","M","F"
"A","E","K","L","I","A","K","H","F","D"
"G","M","K","J","C","E","N","H","D","N"
"F","E","N","I","E","F","K","G","M","G"
"G","N","N","J","N","F","K","A","N","G"
"O","E","I","M","G","I","I","A","L","G"
"E","C","J","A","B","M","H","N","J","I"
"L","C","O","J","F","C","B","H","M","N"
"M","L","L","O","C","J","B","C","K","J"
"E","C","F","A","M","O","D","C","I","K"
"O","D","M","B","J","C","N","K","M","G"
"N","K","E","E","F","C","M","I","F","F"
"K","O","K","M","E","J","O","L","D","K"
"B","H","M","K","J","M","B","E","N","M"
"I","J","E","D","E","C","A","L","A","K"
"O","J","M","N","J","B","B","N","B","D"
"A","K","A","F","C","H","J","O","J","J"
"I","L","J","B","I","N","J","F","O","G"
"J","F","E","N","J","G","A","H","D","N"
"N","N","A","D","F","G","L","C","N","N"
"E","M","E","J","H","I","E","K","O","A"
"H","I","L","I","D","I","A","A","N","I"
"K","G","A","G","I","G","M","K","O","B"
"F","L","F","H","K","G","K","N","N","C"
"K","A","B","L","J","H","J","J","F","D"
"E","H","E","N","I","C","D","H","E","C"
"I","O","I","D","I","D","O","O","K","G"
"O","I","M","A","K","H","B","B","K","L"
"C","G","C","C","L","J","M","G","B","C"
"F","E","C","D","E","N","B","G","O","J"
"J","F","K","H","A","F","L","M","H","A"
"I","D","G","A","H","D","E","G","I","N"
"H","D","K","B","I","F","L","G","O","I"
"N","E","O","L","A","O","E","N","H","H"
"F","N","H","B","K","B","J","F","I","F"
"E","K","A","D","B","F","C","E","D","J"
"I","K","B","F","J","H","K","G","N","C"
"B","I","I","K","H","G","N","O","F","M"
"J","I","K","B","O","I","B","B","N","C"
"D","F","F","B","F","I","C","G","J","I"
"L","I","L","C","O","B","M","I","O","F"
"N","C","M","L","F","L","K","C","E","E"
"L","C","A","B","I","C","G","M","F","L"
"J","I","K","H","K","D","F","B","N","O"
"D","J","N","K","F","B","G","J","H","N"
"H","E","C","D","D","N","D","N","E","B"
"N","J","G","D","G","G","E","B","A","I"
"C","A","O","J","B","E","L","N","F","G"
"D","E","M","B","L","I","N","N","J","I"
"M","K","B","O","G","E","O","I","J","C"
"I","L","K","A","F","K","A","D","F","I"
"F","N","N","E","D","B","N","F","O","D"
"O","F","G","M","I","C","B","H","E","D"
"J","F","E","K","L","J","O","H","D","J"
"C","E","G","J","M","E","B","B","H","N"
"K","F","A","F","L","M","A","O","F","O"
"F","B","H","M","A","D","N","A","D","I"
"E","E","G","I","O","E","H","H","A","I"
"M","L","B","F","H","D","M","E","F","N"
"N","N","E","L","L","H","N","B","J","J"
"K","G","A","G","I","E","O","G","J","K"
"N","B","C","N","H","F","A","K","L","I"
"M","H","N","K","O","A","D","C","I","A"
"B","N","F","C","N","H","N","L","B","A"
"C","L","L","G","A","N","G","L","G","M"
"A","A","K","N","H","N","B","M","M","J"
"I","L","K","H","M","M","M","O","M","C"
"C","G","F","A","I","C","H","D","A","N"
"G","F","H","I","K","D","N","C","A","B"
"I","M","D","K","G","D","B","B","M","L"
"I","E","A","I","M","H","B","H","H","L"
"H","J","G","C","E","E","L","B","H","M"
"I","K","E","K","D","C","M","M","E","C"
"M","O","K","O","A","M","C","G","M","K"
"N","I","K","I","K","L","O","C","I","B"
"M","K","N","D","A","L","L","L","I","O"
"J","M","A","G","H","F","N","C","N","D"
"K","F","B","G","B","O","D","E","O","N"
"K","H","M","E","J","O","L","C","C","K"
"J","I","F","C","D","A","H","J","B","M"
"M","O","K","N","L","M","J","E","F","M"
"M","J","A","A","O","H","O","C","B","B"
"N","F","I","M","H","H","O","B","H","N"
"E","L","M","N","D","G","N","C","I","D"
"F","G","M","E","M","N","C","L","D","M"
"H","M","K","B","I","K","K","A","J","K"
"F","L","J","G","D","G","N","H","H","M"
"I","N","E","G","I","C","G","O","J","N"
"E","M","L","N","C","E","N","H","J","J"
"F","N","N","D","K","F","J","L","H","F"
"H","B","O","C","O","C","I","O","K","D"
"O","H","I","K","O","J","B","G","C","M"
"H","F","H","D","F","F","H","D","M","G"
"A","B","D","J","G","E","B","F","H","L"
"G","I","A","G","O","K","E","G","O","A"
"N","J","D","A","I","J","J","O","C","G"
"A","N","C","A","G","I","E","N","J","I"
"E","M","B","F","K","J","I","B","K","F"
"K","J","N","E","F","F","J","I","J","I"
"B","I","G","B","O","K","H","D","I","L"
"I","G","G","B","L","B","N","H","B","I"
"E","O","J","H","J","H","F","I","J","A"
"M","O","D","N","O","J","B","M","K","L"
"I","J","J","L","A","G","D","B","M","O"
"J","K","J","E","D","C","J","I","M","B"
"O","N","N","B","B","A","J","A","L","N"
"F","K","M","L","L","L","J","M","H","L"
"J","G","G","G","O","B","B","O","N","B"
"J","I","I","O","B","I","G","G","L","M"
"J","D","K","O","A","H","K","G","I","H"
"J","A","B","M","K","N","I","A","D","A"
"L","I","A","C","G","H","G","M","L","I"
"J","C","I","F","C","I","O","O","K","B"
"J","F","E","N","D","D","C","F","G","L"
"I","I","L","I","N","H","D","L","H","I"
"I","J","C","E","B","H","O","K","E","B"
"K","A","A","F","M","G","G","E","H","O"
"F","E","L","M","G","K","D","M","L","I"
"G","A","K","G","I","H","J","A","K","J"
"C","L","M","H","H","L","O","C","G","C"
"A","K","I","B","O","C","H","I","G","K"
"J","M","M","D","C","J","I","L","C","L"
"E","C","H","K","F","O","D","J","G","K"
"C","M","M","F","K","J","H","I","E","F"
"D","F","F","J","N","K","C","A","C","B"
"A","B","B","O","N","J","M","I","G","E"
"O","E","E","K","H","H","L","L","K","A"
"F","C","F","M","B","L","K","H","M","J"
"F","J","I","O","C","A","C","J","A","L"
"G","J","G","E","K","N","I","I","E","J"
"J","D","F","F","C","H","L","E","D","B"
"F","B","N","M","K","D","N","F","A","G"
"L","K","K","E","B","N","K","L","E","K"
"G","A","E","N","K","M","C","A","I","L"
"G","L","K","G","K","J","M","I","I","I"
"L","G","F","I","N","H","J","N","F","K"
"O","J","E","J","J","M","B","K","N","O"
"I","B","C","B","N","B","C","L","I","C"
"M","I","M","C","B","J","L","O","K","G"
"N","J","N","C","K","N","A","L","K","G"
"J","K","J","B","A","B","H","I","B","J"
"F","H","G","M","I","F","K","B","H","J"
"I","E","E","D","H","L","O","C","K","E"
"J","D","K","E","M","J","L","F","M","A"
"E","B","I","O","N","A","O","F","O","E"
"J","O","D","M","O","H","K","O","D","L"
"A","O","N","M","J","N","N","D","M","K"
"M","O","G","F","D","B","I","O","O","G"
"F","N","F","I","F","O","G","O","E","A"
"D","J","E","M","E","G","A","A","K","M"
"G","D","O","O","N","D","N","D","D","I"
"D","D","K","I","D","E","C","E","L","M"
"E","F","M","I","N","H","K","C","H","N"
"D","B","B","E","E","L","B","N","H","O"
"I","K","B","M","C","I","M","D","B","H"
"O","D","N","L","C","H","M","E","F","E"
"I","D","O","H","N","L","E","O","M","M"
"C","E","J","J","M","G","I","G","J","M"
"M","N","I","M","C","D","D","L","D","N"
"K","J","O","D","I","F","L","C","A","O"
"N","D","E","F","F","I","F","N","C","N"
"O","M","L","N","N","M","G","A","C","I"
"C","J","B","M","N","G","E","D","N","N"
"G","B","G","M","A","N","N","G","C","L"
"M","N","N","J","A","J","K","L","K","M"
"C","H","A","G","A","F","M","M","E","O"
"G","F","C","H","C","O","E","N","E","O"
"H","O","D","M","O","L","E","C","O","B"
"I","D","G","A","H","L","E","D","O","D"
"O","O","F","L","D","J","J","C","B","K"
"J","L","E","J","O","F","B","E","G","B"
"O","B","J","K","A","E","F","K","F","G"
"F","O","J","H","M","O","K","G","E","C"
"B","G","N","B","C","O","L","D","D","K"
"K","I","A","I","J","O","M","O","N","C"
"K","F","N","C","J","I","C","B","E","H"
"B","D","D","G","C","K","N","J","K","B"
"F","E","C","I","K","N","L","F","B","F"
"K","G","J","K","B","B","N","M","E","K"
"F","C","E","K","O","M","C","G","C","M"
"K","J","N","N","N","B","B","L","H","E"
"G","F","I","K","K","M","J","J","D","F"
"B","L","M","G","M","M","H","M","I","F"
"H","N","M","E","A","E","E","F","J","K"
"A","A","F","E","J","B","O","M","A","M"
"K","I","N","O","C","O","F","D","L","G"
"J","K","H","G","J","E","L","F","G","I"
"G","O","O","C","K","H","J","I","B","B"
"F","B","C","I","H","F","A","D","L","I"
"H","H","H","H","E","B","J","E","N","G"
"B","B","B","D","I","F","J","I","M","G"
"E","M","K","D","A","D","N","B","K","I"
"I","E","N","J","O","D","L","L","N","O"
"D","K","K","O","N","D","I","J","M","L"
"E","O","K","N","H","H","A","B","N","J"
"H","J","E","C","I","F","M","A","M","J"
"D","J","C","J","A","M","O","F","L","A"
"A","A","O","A","M","C","H","I","A","D"
"J","F","A","D","O","F","I","K","H","B"
"H","D","I","B","N","N","D","E","M","A"
"N","L","B","F","K","N","M","H","D","B"
"O","I","M","G","K","N","G","M","J","L"
"D","G","E","N","H","F","L","A","E","B"
"E","J","M","D","N","O","A","F","H","J"
"K","N","K","I","L","F","J","O","M","K"
"F","N","O","H","H","F","A","N","E","A"
"J","F","M","H","I","I","K","L","G","B"
"J","N","G","G","H","F","J","L","I","M"
"F","D","J","H","M","I","L","O","H","H"
"E","A","A","H","I","E","I","F","I","A"
"G","E","L","F","D","E","H","K","B","I"
"F","G","M","G","D","N","K","L","B","G"
"I","N","E","J","M","M","E","M","L","L"
"B","I","I","D","I","D","C","A","I","M"
"K","F","B","O","C","D","I","L","J","H"
"E","G","I","M","G","G","K","A","M","H"
"G","O","F","L","M","L","D","H","A","L"
"G","I","O","B","K","N","L","E","C","H"
"H","I","B","N","O","H","E","I","G","E"
"C","C","M","F","B","H","H","I","O","G"
"E","B","N","G","H","F","M","E","C","K"
"M","A","M","O","E","J","N","I","J","A"
"M","I","H","H","K","M","I","C","A","B"
"K","O","O","A","C","E","F","H","J","L"
"C","E","M","J","F","E","E","N","D","A"
"D","D","K","N","D","H","D","L","M","I"
"O","C","H","C","L","N","B","G","E","G"
"O","O","I","D","M","L","D","C","L","G"
"B","B","J","L","A","A","O","A","K","I"
"H","D","O","N","F","C","E","G","H","K"
"L","F","B","G","J","I","I","L","H","B"
"H","M","J","L","G","D","L","O","C","E"
"B","C","L","H","M","L","G","F","O","O"
"A","J","E","C","I","O","F","A","E","C"
"K","N","J","I","N","C","J","I","I","I"
"L","B","B","G","I","J","J","N","O","G"
"J","L","H","B","C","B","A","M","C","H"
"K","J","N","E","N","B","J","O","J","L"
"E","G","J","K","G","D","N","L","K","E"
"A","O","G","J","J","N","N","F","N","A"
"E","D","C","B","M","F","M","B","M","G"
"I","L","N","J","F","C","K","M","C","N"
"C","F","H","A","I","B","E","L","F","D"
"O","E","A","M","L","N","H","K","D","G"
"I","L","K","A","H","D","A","B","O","C"
"E","E","G","M","N","A","C","O","A","C"
"D","O","H","M","I","A","A","O","I","N"
"D","D","L","K","D","F","E","J","H","H"
"O","I","O","A","O","I","L","J","K","B"
"N","G","J","C","L","D","M","C","B","I"
"H","D","L","O","N","E","E","D","B","E"
"I","F","I","K","H","F","O","D","F","G"
"B","F","G","I","E","N","B","A","H","G"
"L","B","I","A","J","A","L","D","E","L"
"I","E","K","H","M","L","J","O","K","J"
"M","H","M","O","B","B","M","E","F","L"
"H","B","A","C","O","A","F","J","G","G"
"I","L","N","J","F","L","G","J","N","B"
"B","G","L","G","E","I","E","M","F","C"
"F","A","A","C","K","J","H","F","N","H"
"G","F","I","G","O","I","K","M","M","G"
"C","G","I","I","E","J","C","N","E","A"
"N","I","D","E","K","C","C","G","F","G"
"F","M","B","H","O","I","G","G","G","F"
"D","D","L","K","M","A","I","F","G","H"
"H","B","H","K","D","N","I","I","M","D"
"J","M","M","D","K","M","I","A","O","O"
"C","E","M","D","E","H","D","D","J","M"
"G","O","H","A","J","K","L","C","O","B"
"G","I","D","K","G","B","D","L","I","L"
"A","J","C","G","O","G","K","O","M","F"
"I","G","H","O","L","J","N","E","O","D"
"J","E","C","F","E","F","H","O","J","F"
"F","H","E","N","M","O","O","M","H","L"
"L","F","F","F","J","O","I","G","I","N"
"G","C","I","O","M","H","L","O","D","G"
"F","N","F","I","K","F","O","M","O","M"
"M","H","G","G","L","A","B","H","B","C"
"G","F","N","L","C","F","M","A","C","E"
"D","G","F","J","F","E","N","K","A","O"
"J","G","I","J","H","I","L","D","J","H"
"C","J","O","C","M","O","B","C","J","M"
"M","M","M","L","F","F","M","A","L","A"
"H","G","G","B","K","B","L","O","C","F"
"K","K","E","C","G","O","H","O","B","O"
"D","M","F","N","H","C","F","E","E","J"
"E","E","G","M","A","N","C","C","I","B"
"O","F","O","I","F","J","J","H","C","K"
"M","L","B","I","N","L","F","H","N","G"
"I","D","G","G","N","K","K","H","N","E"
"D","I","J","B","M","J","O","B","C","E"
"H","B","K","B","N","C","B","B","E","K"
"C","A","B","B","D","O","E","C","A","G"
"M","L","B","F","F","C","M","C","N","M"
"O","G","B","A","G","D","E","J","K","O"
"N","G","G","I","E","E","H","J","E","G"
"H","D","I","B","N","I","D","D","M","G"
"N","K","A","A","K","L","L","O","E","M"
"J","M","A","M","B","G","L","L","M","I"
"L","I","G","F","I","K","D","K","H","J"
"F","M","I","O","G","B","D","J","B","F"
"G","A","O","O","A","H","D","B","G","O"
"H","F","J","D","K","D","I","A","M","M"
"K","F","B","J","N","J","D","B","E","A"
"H","A","G","H","H","L","K","B","C","C"
"O","C","M","B","J","K","M","L","L","I"
"I","B","J","N","F","I","A","A","M","D"
"N","D","E","F","K","H","I","G","M","C"
"O","D","K","I","C","E","D","C","C","O"
"G","E","K","G","I","O","D","I","C","E"
"O","N","D","I","M","G","G","G","O","O"
"I","F","I","K","L","M","O","N","G","B"
"A","L","A","G","H","D","J","L","I","J"
"A","K","C","B","M","J","E","G","G","K"
"O","L","D","M","C","L","B","H","N","K"
"I","L","H","B","L","L","J","E","E","O"
"G","D","O","K","J","J","G","M","G","E"
"G","C","C","J","D","J","G","I","K","O"
"I","F","C","E","B","B","C","B","E","K"
"O","B","L","G","N","E","D","F","C","I"
"D","E","E","D","N","E","N","I","J","L"
"C","E","N","J","G","D","A","H","F","B"
"E","O","K","N","C","M","B","N","A","B"
"G","B","A","J","G","A","B","F","E","E"
"D","C","A","J","F","A","J","C","G","D"
"N","B","J","B","G","K","O","I","N","D"
"O","O","I","A","G","D","J","D","I","F"
"I","D","G","G","K","I","I","I","H","I"
"F","G","M","E","M","N","G","B","E","L"
"B","I","M","K","L","L","N","M","H","A"
"A","A","H","B","C","B","N","G","J","F"
"A","L","A","B","N","B","N","I","M","D"
"G","C","B","I","B","K","N","C","C","I"
"J","I","C","B","L","F","M","B","J","C"
"J","G","C","M","C","E","O","A","G","F"
"A","G","E","C","I","O","M","A","E","K"
"J","M","F","L","I","H","L","J","D","M"
"D","F","J","K","L","F","H","F","K","K"
"F","C","E","K","K","C","F","N","L","I"
"D","N","I","A","I","F","J","J","G","F"
"H","F","O","I","L","L","E","J","L","B"
"O","L","O","I","O","K","D","G","G","C"
"J","F","M","K","A","C","N","E","N","G"
"C","H","B","B","O","H","H","I","O","B"
"H","F","K","B","N","F","H","N","J","J"
"H","O","K","C","G","C","H","N","J","J"
"E","M","D","N","G","E","G","M","I","O"
"G","H","N","H","B","M","E","A","L","A"
"H","D","H","N","G","N","O","E","O","H"
"I","M","F","L","E","D","K","L","D","L"
"G","E","G","D","M","I","E","M","E","N"
"K","I","O","K","A","A","A","F","F","C"
"G","H","B","H","D","B","L","J","L","F"
"O","F","H","L","I","M","E","H","C","E"
"B","I","H","K","N","C","N","E","F","M"
"C","C","F","M","I","N","K","M","B","K"
"N","A","A","N","D","J","L","M","M","N"
"C","G","M","G","K","N","O","O","C","J"
"F","L","A","I","F","G","M","E","I","A"
"L","N","D","L","L","H","I","G","J","J"
"A","K","A","J","L","N","C","D","D","N"
"M","H","A","M","I","I","B","D","C","M"
"I","C","M","K","N","J","F","A","F","C"
"F","I","L","M","L","A","A","A","E","E"
"H","G","K","B","A","M","J","G","O","B"
"J","G","G","G","K","N","G","O","N","G"
"O","I","O","A","H","A","L","J","F","A"
"D","G","G","M","D","I","G","G","F","K"
"H","H","I","M","E","E","K","M","H","G"
"A","A","G","A","D","M","O","N","C","F"
"C","M","L","G","N","E","K","C","L","N"
"K","N","A","F","J","A","O","G","I","F"
"I","F","G","E","N","B","E","K","I","J"
"N","M","O","A","D","C","J","I","G","J"
"J","F","F","K","F","L","K","C","B","N"
"O","G","O","A","G","G","E","G","J","H"
"I","C","H","B","O","E","O","B","I","G"
"L","G","G","I","E","G","N","G","H","B"
"N","E","H","E","O","C","L","D","M","F"
"M","O","D","D","D","G","D","E","F","I"
"E","I","C","K","M","I","N","M","M","M"
"F","M","L","D","H","F","N","L","D","H"
"H","O","K","O","D","M","L","H","A","E"
"F","N","A","H","K","F","H","E","M","H"
"H","F","A","M","O","C","I","D","N","G"
"O","J","B","O","B","I","E","N","M","G"
"M","O","G","N","H","K","J","E","B","C"
"H","A","M","D","A","C","N","E","D","A"
"A","E","A","D","A","B","M","K","H","B"
"J","J","G","E","I","N","M","L","F","D"
"E","J","M","O","N","D","B","N","E","D"
"N","K","E","A","C","F","L","A","E","M"
"O","N","I","B","C","L","C","G","J","C"
"E","C","F","C","E","J","F","E","L","E"
"I","O","F","L","I","A","O","M","M","H"
"N","J","L","C","L","M","K","G","D","A"
"O","H","I","O","M","I","D","D","D","G"
"A","F","F","N","I","I","C","D","I","G"
"B","H","N","F","A","D","E","E","J","H"
"M","E","B","E","D","O","M","M","O","N"
"J","O","N","B","H","K","K","H","E","A"
"A","H","C","M","H","D","C","E","I","I"
"A","D","O","A","J","E","K","K","B","O"
"J","K","L","E","B","B","C","O","C","J"
"C","K","F","N","J","M","C","J","A","O"
"M","L","N","M","J","D","L","O","L","B"
"N","E","O","L","D","C","G","A","M","N"
"C","B","M","G","I","N","O","L","E","A"
"E","O","K","N","C","B","B","C","O","K"
"A","A","O","J","O","B","E","J","B","D"
"H","C","H","O","O","F","I","E","G","A"
"H","I","B","N","O","H","H","L","C","C"
"B","L","E","J","A","D","L","E","K","K"
"H","I","K","B","L","F","K","I","C","I"
"J","G","O","B","L","B","E","L","J","E"
"F","A","I","K","A","E","F","E","L","B"
"G","D","L","F","J","H","A","O","N","O"
"G","N","N","K","A","F","K","A","D","K"
"B","M","M","G","H","F","G","L","O","M"
"I","H","O","M","A","E","K","B","O","M"
"O","A","O","N","A","E","N","B","F","D"
"C","G","E","G","E","H","H","G","J","K"
"F","H","E","O","M","E","E","B","A","L"
"C","L","M","F","J","M","B","M","M","M"
"J","J","F","O","M","H","M","E","D","B"
"B","L","E","C","L","K","C","N","G","H"
"G","B","G","M","A","A","O","B","K","J"
"D","E","M","C","H","C","H","J","E","O"
"F","A","B","K","K","C","G","F","K","L"
"B","D","A","F","C","F","D","M","J","O"
"G","M","G","A","J","M","O","H","L","B"
"J","B","E","M","D","G","H","M","O","N"
"C","G","I","A","K","O","B","B","E","K"
"K","C","J","O","B","B","J","J","B","A"
"A","L","B","K","E","L","H","O","B","F"
"A","K","C","C","J","O","K","F","M","H"
"J","J","M","O","G","H","I","L","M","A"
"F","H","C","M","K","N","D","M","E","A"
"M","E","K","N","F","C","K","L","M","D"
"I","I","E","N","F","E","N","N","H","L"
"J","G","B","L","N","E","O","B","F","B"
"F","M","E","H","N","D","F","H","F","M"
"M","M","K","E","F","F","I","A","N","M"
"M","O","E","K","L","O","H","C","K","B"
"I","A","C","K","C","H","L","J","D","G"
"N","G","F","C","K","K","N","B","N","K"
"N","M","D","L","F","E","D","G","C","G"
"H","I","K","I","G","E","N","K","N","A"
"L","I","L","C","J","O","K","A","B","K"
"G","E","L","G","E","H","B","H","E","A"
"I","D","O","O","E","E","O","L","H","A"
"I","I","J","G","C","L","N","O","K","A"
"B","D","L","H","O","L","A","A","N","F"
"C","M","G","J","O","L","H","H","L","I"
"H","D","I","O","F","N","A","O","C","D"
"I","O","L","C","I","O","K","C","G","D"
"B","F","L","G","E","M","K","J","F","A"
"E","E","C","F","J","N","L","B","F","K"
"D","B","B","M","F","B","D","A","L","G"
"F","G","A","M","F","H","B","O","J","I"
"C","E","J","E","G","D","M","J","H","G"
"O","K","N","N","I","A","L","I","J","C"
"N","J","N","O","O","M","A","I","D","J"
"G","O","E","H","F","D","I","L","M","E"
"A","O","O","A","I","A","D","N","F","H"
"K","N","F","C","K","I","E","B","B","E"
"D","B","B","L","F","L","I","F","B","D"
"B","I","M","K","K","O","L","A","E","M"
"N","K","B","O","B","M","F","B","E","H"
"H","A","G","J","G","O","H","L","M","H"
"I","E","E","O","F","E","J","L","F","L"
"M","H","A","G","J","B","B","F","C","N"
"O","G","C","A","K","C","I","I","K","I"
"L","B","H","C","A","I","N","K","B","A"
"L","I","L","M","M","I","G","F","E","N"
"K","O","M","M","K","O","M","E","O","C"
"C","K","K","J","A","J","E","B","C","K"
"M","A","K","J","L","B","K","B","A","O"
"D","F","G","K","L","A","K","H","J","J"
"A","K","C","F","B","D","F","N","F","L"
"L","A","I","O","C","A","L","D","D","K"
"I","E","I","H","L","E","H","B","A","O"
"C","J","A","C","G","G","C","M","D","J"
"L","G","I","L","J","A","D","D","L","G"
"F","O","M","N","H","O","L","K","N","C"
"K","K","E","C","G","K","L","B","O","I"
"F","G","N","O","D","A","J","I","E","F"
"D","H","J","K","K","J","N","B","H","M"
"M","M","B","O","F","E","I","F","E","A"
"K","O","H","C","C","O","E","A","C","A"
"K","N","B","H","H","J","O","N","N","M"
"G","J","J","J","B","I","N","C","J","C"
"G","F","N","E","B","B","N","J","D","L"
"H","M","F","N","M","H","A","E","H","I"
"E","F","A","F","K","O","I","F","F","D"
"F","N","H","E","M","B","D","F","F","G"
"A","G","I","J","J","L","F","F","G","C"
"J","F","I","O","L","I","A","O","I","I"
"D","G","M","N","C","A","N","N","O","J"
"K","C","H","M","G","O","B","O","K","M"
"H","I","B","H","A","H","D","E","K","F"
"F","C","A","M","A","F","D","O","C","H"
"N","E","E","L","K","H","G","M","E","J"
"A","K","C","F","B","C","M","K","J","G"
"M","H","G","A","D","K","B","I","B","J"
"O","J","N","J","M","A","J","L","I","N"
"C","F","J","C","B","F","B","N","B","B"
"B","L","G","O","F","C","F","E","N","J"
"K","J","E","C","I","F","G","I","J","A"
"B","C","L","G","K","A","C","H","I","I"
"E","D","N","J","E","I","B","N","K","D"
"L","F","B","G","B","D","K","N","G","K"
"E","L","L","G","G","A","E","G","M","J"
"B","E","K","I","G","N","H","B","L","D"
"J","L","L","E","H","C","K","N","B","F"
"C","C","D","N","F","G","D","M","C","I"
"B","B","J","K","A","J","O","J","G","M"
"F","L","H","E","L","N","J","H","M","C"
"C","L","L","E","C","L","O","N","E","A"
"C","J","B","O","F","B","E","I","J","K"
"E","B","H","B","O","C","J","A","N","C"
"D","H","J","K","O","E","M","D","A","K"
"G","M","B","D","M","I","C","A","K","E"
"J","O","A","F","E","K","O","L","B","M"
"J","G","O","M","D","D","C","B","E","J"
"N","E","N","B","J","K","A","I","D","B"
"N","D","B","F","M","L","M","G","H","N"
"H","G","J","B","G","N","H","D","D","A"
"I","I","E","D","J","M","F","G","M","K"
"N","G","F","I","M","L","F","K","D","F"
"C","G","J","B","L","O","O","A","A","O"
"N","G","B","O","M","H","H","L","C","O"
"E","L","L","K","H","D","B","B","M","I"
"M","A","K","F","F","B","D","D","I","G"
"G","J","O","M","D","E","B","F","O","I"
"M","I","B","H","J","G","B","I","I","B"
"G","I","C","O","D","M","M","G","K","M"
"G","A","O","B","M","K","E","A","O","J"
"J","N","G","G","L","J","O","A","E","J"
"C","M","N","D","C","F","E","I","D","B"
"O","G","B","N","G","L","H","I","A","E"
"K","C","C","F","B","K","D","M","J","F"
"A","F","D","N","B","F","C","G","E","H"
"E","H","J","M","J","H","C","E","O","G"
"N","E","J","K","C","C","N","N","F","N"
"O","K","I","E","O","C","I","F","K","O"
"O","I","I","A","M","O","O","D","C","M"
"M","M","G","M","G","D","L","F","B","M"
"K","J","O","C","I","F","D","L","E","A"
"G","E","J","I","O","H","K","A","F","C"
"D","N","L","I","F","G","G","G","O","I"
"H","J","M","E","B","D","E","C","J","D"
"M","K","E","I","L","O","L","F","A","A"
"A","F","J","C","I","F","K","G","C","I"
"I","D","G","A","H","C","E","K","B","N"
"G","E","K","K","M","H","L","N","H","E"
"F","B","D","K","K","H","E","M","M","M"
"C","G","J","H","G","B","E","J","B","M"
"N","B","H","K","O","F","H","F","J","A"
"A","A","O","J","L","B","B","I","B","E"
"N","H","L","J","A","A","L","M","L","J"
"A","G","F","C","G","M","A","I","D","N"
"D","N","M","B","A","N","J","D","N","O"
"L","A","C","L","E","G","O","H","C","B"
"C","F","M","A","N","C","L","L","B","H"
"J","F","A","D","O","F","B","E","F","O"
"K","F","E","H","B","I","C","F","A","B"
"N","J","O","A","D","I","L","F","I","M"
"J","O","D","M","K","C","D","M","J","H"
"F","B","N","M","O","C","M","G","G","I"
"F","E","M","J","H","B","L","A","B","E"
"C","E","K","N","I","M","M","L","F","H"
"B","N","E","B","B","B","J","L","K","H"
"F","J","C","M","O","L","G","O","K","I"
"E","G","F","H","K","B","O","L","O","M"
"I","M","D","E","I","I","D","J","J","M"
"C","M","F","J","C","F","C","D","F","K"
"C","K","E","I","E","H","B","I","O","O"
"O","E","I","K","B","D","L","J","H","K"
"L","H","E","L","J","H","J","L","E","O"
"H","I","N","B","C","K","D","B","G","J"
"G","I","F","I","M","B","J","E","I","F"
"J","I","M","K","C","A","L","F","A","J"
"D","I","M","K","L","J","D","I","L","O"
"G","H","O","E","L","N","J","A","H","O"
"B","O","M","G","J","E","D","L","B","I"
"L","O","N","M","I","N","B","K","J","D"
"D","K","K","L","H","F","A","A","A","E"
"O","F","G","K","K","D","I","J","J","H"
"M","A","C","F","D","N","D","G","L","E"
"L","K","E","H","J","I","M","K","N","J"
"F","O","M","E","K","E","J","K","F","C"
"I","O","G","K","D","E","C","G","I","D"
"K","F","B","G","L","N","M","B","E","K"
"F","O","J","N","K","E","H","C","O","C"
"H","D","E","E","H","J","C","A","H","A"
"A","G","J","I","G","D","F","H","B","H"
"D","D","I","N","L","K","A","H","L","A"
"F","J","L","D","A","E","O","L","B","H"
"K","A","A","F","J","N","I","E","B","O"
"N","H","K","N","C","M","N","N","O","D"
"B","C","O","K","H","G","D","N","C","H"
"O","F","C","E","J","F","J","L","K","F"
"N","G","B","I","I","N","L","D","N","O"
"N","K","A","E","O","O","L","E","I","G"
"E","O","F","N","C","K","A","M","B","I"
"D","E","D","J","O","K","K","O","O","K"
"A","M","D","C","H","G","B","I","B","L"
"D","M","K","M","A","J","F","E","E","J"
"I","H","K","J","O","F","F","H","C","M"
"E","D","B","B","G","J","A","A","M","I"
"H","M","K","L","A","A","F","E","L","G"
"A","K","C","L","C","B","A","H","D","K"
"N","B","D","D","H","E","J","G","D","E"
"I","E","I","I","F","E","K","N","H","G"
"B","N","F","C","E","H","K","C","J","H"
"G","F","I","G","M","H","L","H","H","K"
"J","F","I","C","F","G","A","C","H","I"
"N","F","E","A","D","H","H","I","C","I"
"C","J","B","I","N","B","E","J","A","M"
